metric_id,influencer_id,m_platform_id,followers_count,average_views,average_likes,average_comments,engagement_avg,shares_avg
1,1,1,10100000.0,,,,768100.0,
2,3,1,3000000.0,,,,997800.0,
3,3,1,15600000.0,,,,998900.0,
4,4,1,21900000.0,,,,1400000.0,
5,12,1,9100000.0,,,,562100.0,
6,17,1,13500000.0,,,,2000000.0,
7,17,1,13000000.0,,,,888500.0,
8,17,1,11700000.0,,,,804900.0,
9,23,1,29200000.0,,,,406600.0,
10,32,1,16800000.0,,,,561900.0,
11,35,1,101700000.0,,,,3400000.0,
12,36,1,15400000.0,,,,236000.0,
13,36,1,23100000.0,,,,487800.0,
14,37,1,57900000.0,,,,1500000.0,
15,39,1,156600000.0,,,,302600.0,
16,49,1,31700000.0,,,,1200000.0,
17,51,1,116800000.0,,,,33300.0,
18,54,1,12800000.0,,,,282200.0,
19,54,1,19200000.0,,,,412300.0,
20,55,1,52900000.0,,,,89400.0,
21,56,1,33900000.0,,,,1200000.0,
22,58,1,44900000.0,,,,1800000.0,
23,60,1,46200000.0,,,,1400000.0,
24,66,1,51900000.0,,,,363000.0,
25,72,1,9800000.0,,,,463300.0,
26,87,1,61700000.0,,,,2600000.0,
27,87,1,16700000.0,,,,194800.0,
28,87,1,24000000.0,,,,738300.0,
29,87,1,18000000.0,,,,202400.0,
30,89,1,17500000.0,,,,389500.0,
31,93,1,7900000.0,,,,1400000.0,
32,97,1,106000000.0,,,,241900.0,
33,107,1,7700000.0,,,,322300.0,
34,135,1,14600000.0,,,,261200.0,
35,136,1,49000000.0,,,,1700000.0,
36,138,1,7200000.0,,,,949400.0,
37,147,1,8500000.0,,,,1400000.0,
38,147,1,9900000.0,,,,2000000.0,
39,147,1,10300000.0,,,,2100000.0,
40,149,1,23300000.0,,,,432000.0,
41,155,1,22500000.0,,,,733800.0,
42,157,1,29500000.0,,,,105900.0,
43,164,1,15400000.0,,,,381300.0,
44,178,1,21700000.0,,,,638000.0,
45,179,1,27900000.0,,,,892100.0,
46,192,1,6600000.0,,,,514500.0,
47,226,1,47700000.0,,,,1900000.0,
48,230,1,14000000.0,,,,286300.0,
49,231,1,12600000.0,,,,199600.0,
50,234,1,14900000.0,,,,231400.0,
51,273,1,22100000.0,,,,1200000.0,
52,296,1,8600000.0,,,,385100.0,
53,298,1,9000000.0,,,,672900.0,
54,298,1,5900000.0,,,,1100000.0,
55,298,1,29300000.0,,,,305600.0,
56,306,1,7600000.0,,,,607300.0,
57,326,1,5800000.0,,,,627900.0,
58,339,1,15400000.0,,,,232000.0,
59,344,1,39800000.0,,,,789300.0,
60,345,1,27400000.0,,,,111200.0,
61,348,1,8300000.000000001,,,,1600000.0,
62,348,1,9500000.0,,,,286100.0,
63,348,1,6300000.0,,,,472100.0,
64,348,1,12100000.0,,,,421900.0,
65,348,1,12900000.0,,,,434400.0,
66,348,1,7100000.0,,,,546100.0,
67,348,1,14100000.0,,,,347700.0,
68,348,1,14100000.0,,,,1400000.0,
69,348,1,6000000.0,,,,733500.0,
70,348,1,11600000.0,,,,301200.0,
71,348,1,16399999.999999998,,,,208100.0,
72,358,1,12800000.0,,,,473300.0,
73,367,1,60900000.0,,,,418100.0,
74,378,1,7400000.0,,,,959800.0,
75,383,1,13200000.0,,,,350200.0,
76,383,1,13200000.0,,,,350100.0,
77,406,1,14000000.0,,,,514799.99999999994,
78,410,1,14100000.0,,,,240400.0,
79,410,1,21100000.0,,,,212600.0,
80,416,1,7500000.0,,,,463600.0,
81,424,1,21500000.0,,,,120000.0,
82,429,1,15600000.0,,,,216300.0,
83,438,1,5900000.0,,,,447000.0,
84,440,1,28900000.0,,,,99300.0,
85,441,1,17600000.0,,,,196300.0,
86,441,1,10800000.0,,,,376800.0,
87,441,1,26400000.0,,,,398900.0,
88,442,1,18300000.0,,,,927900.0,
89,442,1,307000000.0,,,,396000.0,
90,452,1,15600000.0,,,,480500.0,
91,454,1,10400000.0,,,,500300.0,
92,467,1,11900000.0,,,,236000.0,
93,473,1,13900000.0,,,,431500.0,
94,473,1,25500000.0,,,,1100000.0,
95,474,1,14600000.0,,,,328400.0,
96,481,1,13900000.0,,,,267600.0,
97,482,1,24500000.0,,,,637700.0,
98,488,1,107100000.0,,,,687900.0,
99,488,1,31800000.0,,,,167400.0,
100,493,1,65099999.99999999,,,,317000.0,
101,504,1,11500000.0,,,,1100000.0,
102,504,1,31300000.0,,,,270600.0,
103,510,1,6000000.0,,,,699000.0,
104,511,1,8400000.0,,,,429000.0,
105,515,1,9100000.0,,,,655900.0,
106,516,1,66500000.0,,,,1700000.0,
107,530,1,4900000.0,,,,1000000.0,
108,542,1,17500000.0,,,,3800000.0,
109,542,1,24600000.0,,,,1600000.0,
110,560,1,22300000.0,,,,135200.0,
111,625,1,10700000.0,,,,263000.0,
112,631,1,3600000.0,,,,817400.0,
113,636,1,6200000.0,,,,461500.0,
114,640,1,8400000.0,,,,415500.0,
115,652,1,61100000.0,,,,1000000.0,
116,667,1,14900000.0,,,,248000.0,
117,670,1,16200000.0,,,,1500000.0,
118,676,1,11200000.0,,,,496800.0,
119,690,1,13700000.0,,,,553000.0,
120,695,1,26100000.0,,,,120300.0,
121,721,1,9800000.0,,,,333600.0,
122,725,1,18400000.0,,,,301400.0,
123,728,1,6100000.0,,,,1200000.0,
124,728,1,16399999.999999998,,,,268000.0,
125,737,1,28600000.0,,,,485800.0,
126,741,1,9700000.0,,,,1100000.0,
127,741,1,19200000.0,,,,465100.0,
128,768,1,12600000.0,,,,456200.0,
129,768,1,12600000.0,,,,456100.0,
130,768,1,43300000.0,,,,182800.0,
131,770,1,19300000.0,,,,357900.0,
132,770,1,6000000.0,,,,582300.0,
133,776,1,5400000.0,,,,1100000.0,
134,777,1,21100000.0,,,,223600.0,
135,778,1,15200000.0,,,,188600.0,
136,792,1,35400000.0,,,,174600.0,
137,792,1,17700000.0,,,,172200.0,
138,795,1,6900000.0,,,,445100.0,
139,825,1,6400000.0,,,,386600.0,
140,845,1,38100000.0,,,,12200000.0,
141,852,1,4000000.0,,,,1100000.0,
142,861,1,5900000.0,,,,537800.0,
143,865,1,19900000.0,,,,242700.0,
144,875,1,62400000.0,,,,2400000.0,
145,920,1,17800000.0,,,,2500000.0,
146,923,1,47700000.0,,,,59700.0,
147,949,1,22400000.0,,,,596600.0,
148,950,1,11400000.0,,,,285900.0,
149,965,1,18100000.0,,,,278900.0,
150,975,1,9000000.0,,,,725600.0,
151,985,1,75300000.0,,,,653200.0,
152,991,1,17000000.0,,,,333600.0,
153,992,1,12600000.0,,,,709000.0,
154,997,1,11700000.0,,,,1500000.0,
155,1,2,,,,,,359.0
156,7,2,,,,,,749.0
157,17,2,,,,,,12200.0
158,18,2,,,,,,12800.0
159,19,2,,,,,,1100.0
160,25,2,,,,,,10000.0
161,32,2,,,,,,26200.0
162,54,2,,,,,,3600.0
163,56,2,,,,,,4500.0
164,56,2,,,,,,7800.0
165,58,2,,,,,,20600.0
166,62,2,,,,,,29500.0
167,87,2,,,,,,17600.0
168,87,2,,,,,,3600.0
169,87,2,,,,,,2700.0
170,87,2,,,,,,2300.0
171,87,2,,,,,,936.0
172,87,2,,,,,,3400.0
173,87,2,,,,,,19600.0
174,87,2,,,,,,1000.0
175,101,2,,,,,,647.0
176,107,2,,,,,,1900.0
177,114,2,,,,,,2700.0
178,149,2,,,,,,752.0
179,149,2,,,,,,752.0
180,150,2,,,,,,302.0
181,150,2,,,,,,807.0
182,185,2,,,,,,8200.0
183,222,2,,,,,,863.0
184,224,2,,,,,,976.0
185,225,2,,,,,,1600.0
186,226,2,,,,,,35200.0
187,237,2,,,,,,835.0
188,268,2,,,,,,1900.0
189,273,2,,,,,,433.0
190,274,2,,,,,,666.0
191,289,2,,,,,,1500.0
192,318,2,,,,,,19500.0
193,318,2,,,,,,1600.0
194,320,2,,,,,,208.0
195,332,2,,,,,,872.0
196,348,2,,,,,,11500.0
197,348,2,,,,,,4100.0
198,348,2,,,,,,4500.0
199,348,2,,,,,,15400.0
200,358,2,,,,,,517.0
201,367,2,,,,,,2000.0
202,367,2,,,,,,950.0
203,391,2,,,,,,1200.0
204,406,2,,,,,,1700.0
205,410,2,,,,,,13700.0
206,410,2,,,,,,5900.0
207,410,2,,,,,,2100.0
208,410,2,,,,,,604.0
209,426,2,,,,,,2300.0
210,442,2,,,,,,492.0
211,443,2,,,,,,721.0
212,452,2,,,,,,987.0
213,467,2,,,,,,2700.0
214,484,2,,,,,,4300.0
215,493,2,,,,,,2500.0
216,500,2,,,,,,603.0
217,558,2,,,,,,976.0
218,615,2,,,,,,1800.0
219,629,2,,,,,,701.0
220,631,2,,,,,,1900.0
221,631,2,,,,,,1900.0
222,640,2,,,,,,4100.0
223,640,2,,,,,,884.0
224,640,2,,,,,,2500.0
225,640,2,,,,,,500.0
226,640,2,,,,,,1900.0
227,642,2,,,,,,4400.0
228,652,2,,,,,,1000.0
229,713,2,,,,,,1200.0
230,737,2,,,,,,782.0
231,741,2,,,,,,915.0
232,741,2,,,,,,915.0
233,743,2,,,,,,9000.0
234,747,2,,,,,,679.0
235,764,2,,,,,,2000.0
236,773,2,,,,,,2300.0
237,775,2,,,,,,11800.0
238,777,2,,,,,,4200.0
239,792,2,,,,,,2300.0
240,792,2,,,,,,959.0
241,802,2,,,,,,1200.0
242,805,2,,,,,,1700.0
243,808,2,,,,,,498.0
244,818,2,,,,,,2200.0
245,822,2,,,,,,1100.0
246,825,2,,,,,,2100.0
247,855,2,,,,,,10900.0
248,861,2,,,,,,417.0
249,861,2,,,,,,3000.0
250,862,2,,,,,,1500.0
251,875,2,,,,,,2000.0
252,919,2,,,,,,665.0
253,923,2,,,,,,17800.0
254,923,2,,,,,,4900.0
255,923,2,,,,,,1300.0
256,949,2,,,,,,3300.0
257,958,2,,,,,,3300.0
258,975,2,,,,,,22400.0
259,976,2,,,,,,513.0
260,992,2,,,,,,2000.0
261,995,2,,,,,,249.0
262,1,3,,323700.0,9800.0,290.0,,
263,2,3,,13800000.0,80900.0,,,
264,3,3,,23600.0,314.0,21.0,,
265,4,3,,1400000.0,80800.0,4600.0,,
266,5,3,,30600000.0,1700000.0,67700.0,,
267,6,3,,10600000.0,46800.0,,,
268,7,3,,13700000.0,74200.0,,,
269,8,3,,76600.0,2800.0,163.0,,
270,9,3,,108700.0,4200.0,155.0,,
271,10,3,,7000000.0,42200.0,,,
272,11,3,,255600.0,2100.0,68.0,,
273,12,3,,2700000.0,162700.0,7900.0,,
274,13,3,,107100.0,1000.0,39.0,,
275,14,3,,36800.0,2300.0,153.0,,
276,15,3,,2800000.0,598900.0,14200.0,,
277,16,3,,46500.0,899.0,27.0,,
278,17,3,,401700.0,62300.0,2600.0,,
279,18,3,,146200.0,1800.0,17.0,,
280,19,3,,64500.0,631.0,33.0,,
281,20,3,,10300000.0,375700.0,9100.0,,
282,21,3,,412000.0,1400.0,,,
283,22,3,,498700.0,5400.0,,,
284,23,3,,636000.0,47400.0,4900.0,,
285,24,3,,85800.0,1400.0,155.0,,
286,25,3,,20200.0,290.0,8.0,,
287,26,3,,8900.0,128.0,10.0,,
288,27,3,,60200.0,2600.0,75.0,,
289,28,3,,230800.0,1800.0,85.0,,
290,29,3,,254400.0,1000.0,,,
291,30,3,,1700000.0,7400.0,,,
292,31,3,,26400.0,1200.0,73.0,,
293,32,3,,4900.0,129.0,14.0,,
294,33,3,,1400000.0,140700.0,4800.0,,
295,34,3,,184200.0,5500.0,104.0,,
296,35,3,,1300000.0,149700.0,7200.0,,
297,36,3,,280600.0,34000.0,245.0,,
298,37,3,,140800.0,17000.0,145.0,,
299,38,3,,79700.0,1900.0,137.0,,
300,39,3,,151600.0,10700.0,824.0,,
301,40,3,,987200.0,129000.0,2700.0,,
302,41,3,,883300.0,4700.0,,,
303,42,3,,146700.0,12900.0,378.0,,
304,43,3,,2300.0,136.0,19.0,,
305,44,3,,723900.0,3500.0,,,
306,45,3,,42300.0,1800.0,79.0,,
307,46,3,,12300000.0,650500.0,43900.0,,
308,47,3,,1700.0,26.0,1.0,,
309,48,3,,542400.0,3000.0,,,
310,49,3,,2400000.0,74600.0,3300.0,,
311,50,3,,489400.0,1600.0,,,
312,51,3,,42100.0,944.0,54.0,,
313,52,3,,1200000.0,7800.0,,,
314,53,3,,179600.0,11400.0,190.0,,
315,54,3,,625700.0,13300.0,,,
316,55,3,,67800.0,790.0,59.0,,
317,56,3,,9200000.0,646500.0,42300.0,,
318,57,3,,103600.0,604.0,18.0,,
319,58,3,,1700000.0,174600.0,15800.0,,
320,59,3,,2400000.0,17200.0,,,
321,60,3,,10100.0,139.0,7.0,,
322,61,3,,1100000.0,2900.0,,,
323,62,3,,3600000.0,52400.0,,,
324,63,3,,632100.0,4500.0,,,
325,64,3,,1700000.0,3700.0,,,
326,65,3,,11300000.0,103300.0,1400.0,,
327,66,3,,0.0,,,,
328,67,3,,7000.0,133.0,4.0,,
329,68,3,,394200.0,31700.0,256.0,,
330,69,3,,1200000.0,7500.0,,,
331,70,3,,41500.0,2000.0,,,
332,71,3,,65700.0,515.0,22.0,,
333,72,3,,3000000.0,165300.0,6000.0,,
334,73,3,,418400.0,1700.0,,,
335,74,3,,975200.0,4400.0,,,
336,75,3,,2600.0,35.0,3.0,,
337,76,3,,535500.0,19700.0,1200.0,,
338,77,3,,10800000.0,396400.0,143600.0,,
339,78,3,,381400.0,25800.0,1000.0,,
340,79,3,,1400000.0,140000.0,6800.0,,
341,80,3,,2800000.0,22100.0,,,
342,81,3,,88100.0,570.0,24.0,,
343,82,3,,34300.0,1400.0,64.0,,
344,83,3,,4900000.0,141900.0,7300.0,,
345,84,3,,3800000.0,277400.0,9600.0,,
346,85,3,,74300.0,2400.0,83.0,,
347,86,3,,7500000.0,65800.0,931.0,,
348,87,3,,120500.0,1400.0,33.0,,
349,88,3,,37000.0,2700.0,131.0,,
350,89,3,,12200.0,220.0,17.0,,
351,90,3,,129300.00000000001,4700.0,136.0,,
352,91,3,,13600.0,219.0,11.0,,
353,92,3,,623300.0,3100.0,,,
354,93,3,,64099.99999999999,1000.0,31.0,,
355,94,3,,478000.0,54700.0,3200.0,,
356,95,3,,73200.0,2200.0,69.0,,
357,96,3,,10600000.0,43200.0,,,
358,97,3,,782000.0,51600.0,1800.0,,
359,98,3,,230700.0,28700.0,463.0,,
360,99,3,,1400000.0,81100.0,4400.0,,
361,100,3,,70300.0,2500.0,71.0,,
362,101,3,,88800.0,2200.0,121.0,,
363,102,3,,44400.0,530.0,39.0,,
364,103,3,,15400.0,109.0,6.0,,
365,104,3,,7300.0,67.0,4.0,,
366,105,3,,2500000.0,63200.0,2000.0,,
367,106,3,,30600.0,1200.0,48.0,,
368,107,3,,1900000.0,127600.0,5200.0,,
369,108,3,,1100000.0,4700.0,,,
370,109,3,,355600.0,25300.0,1100.0,,
371,110,3,,78100.0,1600.0,112.0,,
372,111,3,,1600000.0,95800.0,3600.0,,
373,112,3,,1200000.0,3000.0,,,
374,113,3,,143700.0,,,,
375,114,3,,2000000.0,9000.0,,,
376,115,3,,1100000.0,5100.0,,,
377,116,3,,15100.0,143.0,5.0,,
378,117,3,,119600.0,1700.0,129.0,,
379,118,3,,31600.0,906.0,79.0,,
380,119,3,,23300000.0,732000.0,44000.0,,
381,120,3,,468200.0,4300.0,,,
382,121,3,,488100.0,56500.0,240.0,,
383,122,3,,10000.0,249.0,12.0,,
384,123,3,,215000.0,1200.0,,,
385,124,3,,1300000.0,59500.0,3700.0,,
386,125,3,,0.0,,,,
387,126,3,,2800000.0,7800.0,,,
388,127,3,,72700.0,2400.0,267.0,,
389,128,3,,1200000.0,57500.0,624.0,,
390,129,3,,960600.0,99900.0,235.0,,
391,130,3,,165500.0,825.0,,,
392,131,3,,620900.0,45600.0,997.0,,
393,132,3,,18900.0,,,,
394,133,3,,5000000.0,332900.0,25800.0,,
395,134,3,,72100.0,3800.0,57.0,,
396,135,3,,376800.0,2300.0,,,
397,136,3,,193400.0,10800.0,382.0,,
398,137,3,,1000000.0,112200.0,1500.0,,
399,138,3,,0.0,,,,
400,139,3,,78300.0,1300.0,80.0,,
401,140,3,,982600.0,4400.0,,,
402,141,3,,77700.0,2300.0,231.0,,
403,142,3,,1500000.0,7500.0,,,
404,143,3,,236400.0,410.0,,,
405,144,3,,363200.0,15400.0,1100.0,,
406,145,3,,472400.0,20300.0,749.0,,
407,146,3,,5300000.0,587700.0,18900.0,,
408,147,3,,2300000.0,455200.0,18400.0,,
409,148,3,,580700.0,15500.0,,,
410,149,3,,1000000.0,54800.0,2200.0,,
411,150,3,,267400.0,8700.0,358.0,,
412,151,3,,148700.0,361.0,,,
413,152,3,,2200000.0,14000.0,,,
414,153,3,,5200000.0,195600.0,8900.0,,
415,154,3,,49000.0,1200.0,36.0,,
416,155,3,,4300000.0,76200.0,3900.0,,
417,156,3,,755700.0,22900.0,675.0,,
418,157,3,,265200.0,5000.0,325.0,,
419,158,3,,375700.0,17300.0,783.0,,
420,159,3,,339200.0,3700.0,107.0,,
421,160,3,,891300.0,5800.0,,,
422,161,3,,399400.0,5800.0,773.0,,
423,162,3,,237400.0,790.0,,,
424,163,3,,260000.0,13200.0,450.0,,
425,164,3,,66200.0,6900.0,188.0,,
426,165,3,,251100.0,1600.0,,,
427,166,3,,988200.0,22400.0,879.0,,
428,167,3,,300100.0,5000.0,,,
429,168,3,,1300000.0,6700.0,,,
430,169,3,,2100000.0,151600.0,8100.0,,
431,170,3,,652600.0,38800.0,2300.0,,
432,171,3,,2000.0,25.0,6.0,,
433,172,3,,113600.0,3300.0,130.0,,
434,173,3,,28500.0,292.0,,,
435,174,3,,62400.0,6200.0,97.0,,
436,175,3,,15500.0,355.0,59.0,,
437,176,3,,111400.0,9800.0,847.0,,
438,177,3,,142100.0,756.0,,,
439,178,3,,2400.0,53.0,2.0,,
440,179,3,,104200.0,7400.0,373.0,,
441,180,3,,1800000.0,35700.0,1700.0,,
442,181,3,,604800.0,11200.0,626.0,,
443,182,3,,6300.0,64.0,8.0,,
444,183,3,,740500.0,5000.0,,,
445,184,3,,395100.0,21300.0,1200.0,,
446,185,3,,251500.0,7900.0,239.0,,
447,186,3,,23200.0,1200.0,89.0,,
448,187,3,,32700.000000000004,919.0,72.0,,
449,188,3,,68000.0,659.0,,,
450,189,3,,2500000.0,105900.0,5900.0,,
451,190,3,,53400.0,648.0,18.0,,
452,191,3,,284300.0,5500.0,176.0,,
453,192,3,,1100000.0,127400.0,2100.0,,
454,193,3,,8800.0,139.0,30.0,,
455,194,3,,734600.0,5700.0,,,
456,195,3,,21800.0,264.0,14.0,,
457,196,3,,330900.0,1900.0,,,
458,197,3,,32600.0,173.0,9.0,,
459,198,3,,1800000.0,12800.0,,,
460,199,3,,12900.0,313.0,50.0,,
461,200,3,,2100000.0,23500.0,2100.0,,
462,201,3,,56000.0,1400.0,148.0,,
463,202,3,,1100000.0,49800.0,1900.0,,
464,203,3,,3000000.0,141200.0,4600.0,,
465,204,3,,670300.0,3400.0,,,
466,205,3,,64800.0,6100.0,229.0,,
467,206,3,,89500.0,3000.0,382.0,,
468,207,3,,5600000.0,498500.0,14600.0,,
469,208,3,,85600.0,804.0,36.0,,
470,209,3,,46700.0,348.0,,,
471,210,3,,8200.0,65.0,3.0,,
472,211,3,,271000.0,7600.0,285.0,,
473,212,3,,28000.0,213.0,24.0,,
474,213,3,,2800000.0,295000.0,55300.0,,
475,214,3,,35400.0,258.0,15.0,,
476,215,3,,4200000.0,160000.0,5900.0,,
477,216,3,,174200.0,320.0,,,
478,217,3,,45800.0,1100.0,74.0,,
479,218,3,,400600.0,12100.0,735.0,,
480,219,3,,57500.0,5000.0,126.0,,
481,220,3,,15700.0,132.0,4.0,,
482,221,3,,15700.0,264.0,22.0,,
483,222,3,,390900.0,3400.0,96.0,,
484,223,3,,3000.0,21.0,2.0,,
485,224,3,,2800000.0,68600.0,3600.0,,
486,224,3,,2100000.0,48800.0,4000.0,,
487,225,3,,31100.0,2600.0,112.0,,
488,226,3,,464700.0,34000.0,802.0,,
489,227,3,,207400.0,1500.0,,,
490,228,3,,335800.0,60700.0,5700.0,,
491,229,3,,1300000.0,22000.0,533.0,,
492,230,3,,75000.0,540.0,15.0,,
493,231,3,,2000000.0,161300.0,12100.0,,
494,232,3,,74300.0,2500.0,146.0,,
495,233,3,,120500.0,2700.0,58.0,,
496,234,3,,348700.0,8300.0,68.0,,
497,235,3,,1400000.0,73800.0,3600.0,,
498,236,3,,100900.0,,,,
499,237,3,,218100.0,7200.0,338.0,,
500,238,3,,48300.0,751.0,63.0,,
501,239,3,,26800.0,310.0,13.0,,
502,240,3,,528700.0,24300.0,1900.0,,
503,241,3,,290000.0,18200.0,222.0,,
504,242,3,,35100.0,2400.0,,,
505,243,3,,194800.0,1200.0,31.0,,
506,244,3,,242100.0,23100.0,636.0,,
507,245,3,,365900.0,28200.0,518.0,,
508,246,3,,2600000.0,18700.0,,,
509,247,3,,485900.0,16100.000000000002,280.0,,
510,248,3,,202900.0,4900.0,288.0,,
511,249,3,,347200.0,26300.0,1000.0,,
512,250,3,,1300000.0,59000.0,1100.0,,
513,251,3,,1300000.0,17700.0,2000.0,,
514,252,3,,49400.0,1600.0,92.0,,
515,253,3,,7700000.0,354700.0,15700.0,,
516,254,3,,387900.0,17100.0,747.0,,
517,255,3,,214300.0,1600.0,,,
518,256,3,,10600.0,131.0,10.0,,
519,257,3,,3000000.0,66300.0,6800.0,,
520,258,3,,323900.0,2600.0,,,
521,259,3,,1100000.0,10200.0,,,
522,260,3,,3300000.0,19000.0,,,
523,261,3,,15400.0,67.0,,,
524,262,3,,34100.0,1200.0,127.0,,
525,263,3,,305500.0,2500.0,,,
526,264,3,,168800.0,1000.0,,,
527,265,3,,747500.0,39900.0,726.0,,
528,266,3,,32500.0,1800.0,47.0,,
529,267,3,,180900.0,1800.0,,,
530,268,3,,33900.0,1600.0,20.0,,
531,269,3,,122900.0,939.0,,,
532,270,3,,6300.0,211.0,9.0,,
533,271,3,,0.0,,,,
534,272,3,,2500000.0,22400.0,1100.0,,
535,273,3,,3900000.0,281500.0,11500.0,,
536,274,3,,716600.0,5900.0,,,
537,275,3,,791100.0,66900.0,1900.0,,
538,276,3,,752200.0,2700.0,,,
539,277,3,,1400000.0,97000.0,1500.0,,
540,278,3,,80200.0,149.0,,,
541,279,3,,691200.0,20100.0,847.0,,
542,280,3,,1200000.0,102300.0,351.0,,
543,281,3,,1300000.0,40200.0,1400.0,,
544,282,3,,411800.0,4700.0,842.0,,
545,283,3,,3300000.0,101000.0,2500.0,,
546,284,3,,504700.0,19900.0,757.0,,
547,285,3,,794000.0,47000.0,5600.0,,
548,286,3,,97000.0,3000.0,127.0,,
549,287,3,,607000.0,2300.0,,,
550,288,3,,1300000.0,67300.0,4900.0,,
551,289,3,,8400.0,306.0,10.0,,
552,290,3,,864400.0,106600.0,7300.0,,
553,291,3,,61900.0,2800.0,72.0,,
554,292,3,,493200.0,22300.0,807.0,,
555,293,3,,3800000.0,437500.0,15100.0,,
556,294,3,,639800.0,62800.0,808.0,,
557,295,3,,926400.0,5700.0,,,
558,296,3,,147500.0,10000.0,96.0,,
559,297,3,,23600.0,433.0,39.0,,
560,298,3,,1800000.0,55500.0,1200.0,,
561,299,3,,1200000.0,7500.0,,,
562,300,3,,3400000.0,92300.0,3200.0,,
563,301,3,,1100000.0,102300.0,2100.0,,
564,302,3,,1200000.0,79300.0,2300.0,,
565,303,3,,73600.0,2100.0,75.0,,
566,304,3,,1200000.0,2000.0,,,
567,305,3,,14600.0,172.0,,,
568,306,3,,5300000.0,430400.0,5400.0,,
569,307,3,,361700.0,2200.0,,,
570,308,3,,414300.0,3100.0,,,
571,309,3,,2800000.0,81700.0,10700.0,,
572,310,3,,66500.0,3300.0,166.0,,
573,311,3,,346300.0,2800.0,,,
574,312,3,,12100.0,198.0,19.0,,
575,313,3,,65800.0,1500.0,150.0,,
576,314,3,,92100.0,1600.0,32.0,,
577,315,3,,330200.0,15100.0,633.0,,
578,316,3,,73900.0,5200.0,81.0,,
579,317,3,,211100.0,17100.0,1200.0,,
580,318,3,,835100.0,37500.0,10600.0,,
581,319,3,,1100000.0,15200.0,500.0,,
582,320,3,,10300000.0,345400.0,9100.0,,
583,321,3,,35100.0,305.0,,,
584,322,3,,318300.0,28900.0,1100.0,,
585,323,3,,2900000.0,97400.0,2200.0,,
586,324,3,,469200.0,2500.0,,,
587,325,3,,358500.0,8300.0,111.0,,
588,326,3,,2600000.0,314600.0,12700.0,,
589,327,3,,579700.0,39200.0,1400.0,,
590,328,3,,28900.0,474.0,13.0,,
591,329,3,,228200.0,7300.0,268.0,,
592,330,3,,438700.0,8600.0,498.0,,
593,331,3,,316400.0,12300.0,488.0,,
594,332,3,,878500.0,36700.0,3200.0,,
595,333,3,,26200.0,1600.0,16.0,,
596,334,3,,1400000.0,76000.0,3600.0,,
597,335,3,,488800.0,69800.0,740.0,,
598,336,3,,935800.0,88100.0,543.0,,
599,337,3,,657300.0,26300.0,1100.0,,
600,338,3,,67300.0,507.0,,,
601,339,3,,104200.0,10000.0,160.0,,
602,340,3,,46300.0,2100.0,95.0,,
603,341,3,,1400000.0,104000.0,8200.0,,
604,342,3,,120200.0,957.0,,,
605,343,3,,338500.0,8000.0,355.0,,
606,344,3,,2200000.0,19900.0,642.0,,
607,345,3,,4300000.0,35000.0,,,
608,346,3,,31700.0,615.0,50.0,,
609,347,3,,1400000.0,65900.0,142.0,,
610,348,3,,123300.0,4200.0,491.0,,
611,349,3,,58200.0,903.0,74.0,,
612,350,3,,3100000.0,163800.0,8200.0,,
613,351,3,,350100.0,7700.0,99.0,,
614,352,3,,9100000.0,641500.0,44700.0,,
615,353,3,,373.0,5.0,,,
616,354,3,,110200.0,4100.0,40.0,,
617,355,3,,677400.0,33800.0,1200.0,,
618,356,3,,2900000.0,119200.0,6500.0,,
619,357,3,,8199999.999999999,254800.0,4500.0,,
620,358,3,,257500.0,5600.0,767.0,,
621,359,3,,4300000.0,111300.0,7700.0,,
622,360,3,,1100000.0,9400.0,,,
623,361,3,,114400.0,731.0,,,
624,362,3,,2200000.0,56800.0,2000.0,,
625,363,3,,317300.0,1200.0,,,
626,364,3,,6400000.0,800900.0,26500.0,,
627,365,3,,185400.0,3000.0,140.0,,
628,366,3,,92100.0,7700.0,448.0,,
629,367,3,,109400.0,14200.0,146.0,,
630,368,3,,401900.0,12100.0,1200.0,,
631,369,3,,0.0,,,,
632,370,3,,51900.0,1500.0,83.0,,
633,371,3,,120600.0,665.0,,,
634,372,3,,1200000.0,4300.0,,,
635,373,3,,2700000.0,122600.0,11000.0,,
636,374,3,,126200.0,,,,
637,375,3,,273100.0,1600.0,,,
638,376,3,,46300.0,1300.0,23.0,,
639,377,3,,20800.0,221.0,10.0,,
640,378,3,,17300.0,588.0,45.0,,
641,379,3,,11400.0,122.0,6.0,,
642,380,3,,20200.0,366.0,21.0,,
643,381,3,,79600.0,4700.0,106.0,,
644,382,3,,7400.0,645.0,15.0,,
645,383,3,,82300.0,901.0,216.0,,
646,384,3,,6200000.0,140900.0,6300.0,,
647,385,3,,22600.0,386.0,23.0,,
648,386,3,,4800000.0,429500.0,9600.0,,
649,387,3,,218800.0,17500.0,882.0,,
650,388,3,,26100.0,455.0,23.0,,
651,389,3,,407200.0,2000.0,43.0,,
652,390,3,,241300.0,13500.0,475.0,,
653,391,3,,362300.0,15000.0,507.0,,
654,392,3,,393800.0,25400.0,795.0,,
655,393,3,,864600.0,34600.0,935.0,,
656,394,3,,15400.0,331.0,9.0,,
657,395,3,,94800.0,6600.0,103.0,,
658,396,3,,445800.0,4300.0,,,
659,397,3,,9300.0,529.0,22.0,,
660,398,3,,531200.0,23200.0,22.0,,
661,399,3,,449100.0,1900.0,,,
662,400,3,,21500.0,242.0,12.0,,
663,401,3,,138000.0,3200.0,114.0,,
664,402,3,,13100.0,148.0,21.0,,
665,403,3,,40200.0,211.0,,,
666,404,3,,657300.0,85700.0,3200.0,,
667,405,3,,9500.0,186.0,19.0,,
668,406,3,,732400.0,41000.0,1600.0,,
669,407,3,,83500.0,2200.0,8.0,,
670,408,3,,0.0,,,,
671,409,3,,5900000.0,276400.0,9500.0,,
672,410,3,,5300000.0,44000.0,643.0,,
673,411,3,,30500.0,152.0,,,
674,412,3,,2900.0,18.0,1.0,,
675,413,3,,42600.0,870.0,39.0,,
676,414,3,,96800.0,4100.0,75.0,,
677,415,3,,512600.0,8000.0,413.0,,
678,416,3,,194600.0,8400.0,360.0,,
679,417,3,,15900.0,61.0,,,
680,418,3,,361000.0,3200.0,81.0,,
681,419,3,,26000.0,1400.0,89.0,,
682,420,3,,1500000.0,63500.0,2500.0,,
683,421,3,,1100000.0,140100.0,5600.0,,
684,422,3,,248300.0,2200.0,27.0,,
685,423,3,,1500000.0,62200.0,764.0,,
686,424,3,,11600000.0,1300000.0,55400.0,,
687,425,3,,301700.0,,,,
688,426,3,,12700.0,235.0,4.0,,
689,427,3,,2300000.0,43800.0,7400.0,,
690,428,3,,131200.0,6200.0,340.0,,
691,429,3,,59600.0,1900.0,125.0,,
692,430,3,,265100.0,36800.0,536.0,,
693,431,3,,368300.0,,,,
694,432,3,,1200000.0,72700.0,3200.0,,
695,433,3,,21500.0,84.0,,,
696,434,3,,53300.0,2800.0,122.0,,
697,435,3,,139300.0,2900.0,224.0,,
698,436,3,,259300.0,2400.0,21.0,,
699,437,3,,44400.0,1800.0,77.0,,
700,438,3,,1200000.0,152900.0,1700.0,,
701,439,3,,15200.0,276.0,8.0,,
702,440,3,,24500.0,748.0,89.0,,
703,441,3,,310400.0,28200.0,456.0,,
704,442,3,,16500.0,340.0,20.0,,
705,443,3,,3000000.0,230200.0,9000.0,,
706,444,3,,2800000.0,276300.0,14900.0,,
707,445,3,,745600.0,8100.0,125.0,,
708,446,3,,581300.0,70900.0,1100.0,,
709,447,3,,9100000.0,46800.0,946.0,,
710,448,3,,170700.0,681.0,,,
711,449,3,,3000000.0,93500.0,3200.0,,
712,450,3,,215900.0,24500.0,266.0,,
713,451,3,,26500.0,779.0,29.0,,
714,452,3,,821100.0,55700.0,2600.0,,
715,453,3,,390400.0,8200.0,203.0,,
716,454,3,,761500.0,28200.0,1800.0,,
717,455,3,,208300.0,9400.0,111.0,,
718,456,3,,40400.0,329.0,15.0,,
719,457,3,,1100000.0,7600.0,,,
720,458,3,,84800.0,5700.0,170.0,,
721,459,3,,25500.0,328.0,33.0,,
722,460,3,,6300000.0,571500.0,17000.0,,
723,461,3,,8200.0,229.0,46.0,,
724,462,3,,8600.0,179.0,15.0,,
725,463,3,,235700.0,,336.0,,
726,464,3,,2800000.0,189500.0,6300.0,,
727,465,3,,765600.0,40000.0,1300.0,,
728,466,3,,38500.0,5700.0,177.0,,
729,467,3,,892800.0,30900.0,713.0,,
730,468,3,,1400000.0,75700.0,2200.0,,
731,469,3,,2300000.0,109600.0,3600.0,,
732,470,3,,6800.0,115.0,3.0,,
733,471,3,,450800.0,6100.0,205.0,,
734,472,3,,416100.0,48800.0,678.0,,
735,473,3,,20000.0,605.0,71.0,,
736,474,3,,287900.0,9300.0,642.0,,
737,475,3,,805200.0,5700.0,,,
738,476,3,,27700.0,205.0,22.0,,
739,477,3,,48800.0,2800.0,80.0,,
740,478,3,,198500.0,7300.0,455.0,,
741,479,3,,793700.0,78100.0,2600.0,,
742,480,3,,46700.0,2500.0,60.0,,
743,481,3,,0.0,,,,
744,482,3,,1200000.0,82300.0,1000.0,,
745,483,3,,4500000.0,265100.0,8600.0,,
746,484,3,,54900.0,2100.0,56.0,,
747,485,3,,4500.0,47.0,6.0,,
748,486,3,,239200.0,3100.0,2900.0,,
749,487,3,,109700.0,12200.0,285.0,,
750,488,3,,207500.0,13200.0,356.0,,
751,489,3,,543200.0,62500.0,531.0,,
752,490,3,,47600.0,1700.0,37.0,,
753,491,3,,155200.0,2900.0,347.0,,
754,492,3,,16600.0,82.0,,,
755,493,3,,4800000.0,436900.0,14300.0,,
756,494,3,,352800.0,26800.0,532.0,,
757,495,3,,403900.0,2300.0,,,
758,496,3,,831300.0,4900.0,,,
759,497,3,,206000.0,8400.0,102.0,,
760,498,3,,10100.0,305.0,51.0,,
761,499,3,,1200000.0,67700.0,2500.0,,
762,500,3,,2000000.0,153800.0,7600.0,,
763,501,3,,4100.0,126.0,6.0,,
764,502,3,,165900.0,1000.0,,,
765,503,3,,792500.0,25700.0,,,
766,504,3,,80500000.0,5600000.0,313600.0,,
767,505,3,,1200000.0,9600.0,,,
768,506,3,,9600.0,325.0,17.0,,
769,507,3,,891800.0,3800.0,,,
770,508,3,,4700000.0,338800.0,20600.0,,
771,509,3,,186400.0,8800.0,613.0,,
772,510,3,,2100000.0,80900.0,1200.0,,
773,511,3,,2700000.0,267200.0,8800.0,,
774,512,3,,425600.0,14100.0,1400.0,,
775,513,3,,933600.0,38000.0,1400.0,,
776,514,3,,2200000.0,137700.0,1700.0,,
777,515,3,,1900000.0,39300.0,2200.0,,
778,516,3,,6200.0,123.0,18.0,,
779,517,3,,375300.0,2600.0,,,
780,518,3,,35700.0,752.0,48.0,,
781,519,3,,631000.0,80100.0,2800.0,,
782,520,3,,0.0,,,,
783,521,3,,100700.0,5800.0,431.0,,
784,522,3,,2700.0,51.0,7.0,,
785,523,3,,124500.0,7800.0,104.0,,
786,524,3,,1100000.0,19200.0,858.0,,
787,525,3,,94400.0,4000.0,100.0,,
788,526,3,,267100.0,26200.0,1900.0,,
789,527,3,,0.0,,,,
790,528,3,,737100.0,37700.0,1700.0,,
791,529,3,,22300.0,332.0,10.0,,
792,530,3,,727800.0,94700.0,3800.0,,
793,531,3,,3900000.0,84600.0,4200.0,,
794,532,3,,128600.0,4900.0,228.0,,
795,533,3,,39000.0,1400.0,152.0,,
796,534,3,,113500.0,14300.0,53.0,,
797,535,3,,305800.0,21400.0,578.0,,
798,536,3,,1700000.0,153900.0,7200.0,,
799,537,3,,471800.0,10300.0,87.0,,
800,538,3,,12000.0,191.0,139.0,,
801,539,3,,322700.0,12400.0,735.0,,
802,540,3,,1400000.0,87700.0,4700.0,,
803,541,3,,107100.0,3800.0,256.0,,
804,542,3,,804400.0,14300.0,474.0,,
805,543,3,,888000.0,11800.0,235.0,,
806,544,3,,666400.0,,,,
807,545,3,,12600.0,467.0,16.0,,
808,546,3,,332400.0,2600.0,19.0,,
809,547,3,,146800.0,4400.0,372.0,,
810,548,3,,2700.0,74.0,3.0,,
811,549,3,,220600.0,5200.0,934.0,,
812,550,3,,192600.0,2700.0,44.0,,
813,550,3,,192600.0,2700.0,44.0,,
814,551,3,,50800.0,4400.0,49.0,,
815,552,3,,158700.0,9400.0,468.0,,
816,553,3,,395600.0,19000.0,693.0,,
817,554,3,,19900.0,401.0,22.0,,
818,555,3,,457200.0,3800.0,,,
819,556,3,,464200.0,18000.0,1000.0,,
820,557,3,,128300.00000000001,1300.0,12.0,,
821,558,3,,2800000.0,68600.0,3600.0,,
822,558,3,,2100000.0,48800.0,4000.0,,
823,559,3,,1100000.0,91500.0,7100.0,,
824,560,3,,896700.0,46300.0,1800.0,,
825,561,3,,111000.0,2200.0,33.0,,
826,562,3,,523799.99999999994,6600.0,152.0,,
827,563,3,,138500.0,15500.0,53.0,,
828,564,3,,1300000.0,15600.0,646.0,,
829,565,3,,701300.0,10800.0,151.0,,
830,566,3,,16200.0,346.0,8.0,,
831,567,3,,233300.0,45800.0,625.0,,
832,568,3,,0.0,,,,
833,569,3,,11400.0,564.0,35.0,,
834,570,3,,286600.0,18600.0,335.0,,
835,571,3,,102300.0,855.0,25.0,,
836,572,3,,521000.0,71600.0,9900.0,,
837,573,3,,9900000.0,281500.0,19400.0,,
838,574,3,,40700.0,673.0,87.0,,
839,575,3,,38300.0,4400.0,367.0,,
840,576,3,,76400.0,3500.0,89.0,,
841,577,3,,265400.0,42300.0,1200.0,,
842,578,3,,2900000.0,116600.0,2900.0,,
843,579,3,,582600.0,28400.0,1800.0,,
844,580,3,,98200.0,,,,
845,581,3,,405600.0,24400.0,496.0,,
846,582,3,,201400.0,4700.0,58.0,,
847,583,3,,857600.0,36700.0,167.0,,
848,584,3,,758700.0,55900.0,2000.0,,
849,585,3,,166200.0,1200.0,,,
850,586,3,,74800.0,4400.0,148.0,,
851,587,3,,6900.0,148.0,18.0,,
852,588,3,,6400000.0,181200.0,6900.0,,
853,589,3,,1300000.0,52800.0,4400.0,,
854,590,3,,498900.0,14700.0,1800.0,,
855,591,3,,236200.0,3300.0,1800.0,,
856,592,3,,66400.0,1200.0,46.0,,
857,593,3,,1800000.0,168200.0,6900.0,,
858,594,3,,9900.0,154.0,,,
859,595,3,,16800.0,1200.0,60.0,,
860,596,3,,634600.0,4100.0,,,
861,597,3,,43900.0,476.0,7.0,,
862,598,3,,1100000.0,6700.0,208.0,,
863,599,3,,298800.0,7300.0,768.0,,
864,600,3,,15200.0,64.0,,,
865,601,3,,9700.0,988.0,11.0,,
866,602,3,,1300000.0,71200.0,1800.0,,
867,603,3,,109300.0,489.0,,,
868,604,3,,491200.0,3100.0,,,
869,605,3,,179900.0,1600.0,,,
870,606,3,,44700.0,587.0,47.0,,
871,607,3,,3300000.0,131000.0,5300.0,,
872,608,3,,349900.0,19500.0,346.0,,
873,609,3,,1100000.0,36800.0,1100.0,,
874,610,3,,459800.0,18100.0,460.0,,
875,611,3,,389300.0,2900.0,,,
876,612,3,,4000000.0,356500.0,1800.0,,
877,613,3,,591600.0,39800.0,2800.0,,
878,614,3,,261399.99999999997,15600.0,1200.0,,
879,615,3,,223800.0,3500.0,410.0,,
880,616,3,,324200.0,37600.0,972.0,,
881,617,3,,92500.0,270.0,,,
882,618,3,,3300000.0,281700.0,9500.0,,
883,619,3,,11400.0,519.0,12.0,,
884,620,3,,793900.0,46900.0,945.0,,
885,621,3,,1400000.0,53800.0,2000.0,,
886,622,3,,490800.0,35500.0,1800.0,,
887,623,3,,118500.0,1100.0,23.0,,
888,624,3,,122200.0,833.0,,,
889,625,3,,2800000.0,130400.0,6500.0,,
890,626,3,,10900.0,1400.0,121.0,,
891,627,3,,1100000.0,6200.0,,,
892,628,3,,11000000.0,789900.0,54800.0,,
893,629,3,,2800000.0,70600.0,6900.0,,
894,630,3,,50400.0,2200.0,112.0,,
895,631,3,,3400000.0,294600.0,14400.0,,
896,632,3,,0.0,,,,
897,633,3,,348800.0,10300.0,764.0,,
898,634,3,,3900000.0,169300.0,7800.0,,
899,635,3,,2700000.0,,,,
900,636,3,,13500.0,177.0,17.0,,
901,637,3,,452900.0,5100.0,230.0,,
902,638,3,,838400.0,74900.0,7000.0,,
903,639,3,,608900.0,22900.0,812.0,,
904,640,3,,1100000.0,103700.0,1900.0,,
905,641,3,,256700.0,2500.0,96.0,,
906,642,3,,741400.0,46500.0,1500.0,,
907,643,3,,75100.0,2300.0,139.0,,
908,644,3,,442100.0,5400.0,367.0,,
909,645,3,,9400.0,195.0,7.0,,
910,646,3,,277500.0,6100.0,222.0,,
911,647,3,,271600.0,2600.0,72.0,,
912,648,3,,692400.0,47600.0,4800.0,,
913,649,3,,289200.0,1800.0,,,
914,650,3,,75400.0,3200.0,106.0,,
915,651,3,,8900000.0,293000.0,10300.0,,
916,652,3,,1400000.0,101200.0,3800.0,,
917,653,3,,324200.0,13300.0,412.0,,
918,654,3,,3400000.0,54900.0,4700.0,,
919,655,3,,63400.0,1900.0,152.0,,
920,656,3,,2000000.0,194400.0,1400.0,,
921,657,3,,3300000.0,49000.0,6300.0,,
922,658,3,,54100.0,2300.0,98.0,,
923,659,3,,64099.99999999999,1500.0,102.0,,
924,660,3,,442700.0,4500.0,88.0,,
925,661,3,,5000000.0,47300.0,757.0,,
926,662,3,,3000000.0,310400.0,11700.0,,
927,663,3,,4900.0,84.0,19.0,,
928,664,3,,28600.0,126.0,,,
929,665,3,,185300.0,5400.0,208.0,,
930,666,3,,426000.0,16300.0,263.0,,
931,667,3,,101800.0,149.0,55.0,,
932,668,3,,1500000.0,63800.0,1600.0,,
933,669,3,,330400.0,11200.0,451.0,,
934,670,3,,2300000.0,194600.0,2200.0,,
935,671,3,,283100.0,21900.0,1100.0,,
936,672,3,,164500.0,12400.0,168.0,,
937,673,3,,111200.0,8000.0,436.0,,
938,674,3,,1300000.0,11600.0,,,
939,675,3,,2700.0,51.0,4.0,,
940,676,3,,3600.0,40.0,7.0,,
941,677,3,,529200.0,2300.0,,,
942,678,3,,221000.0,4700.0,180.0,,
943,679,3,,959700.0,32200.000000000004,1200.0,,
944,680,3,,857500.0,16500.0,783.0,,
945,681,3,,0.0,,,,
946,682,3,,7000.0,106.0,16.0,,
947,683,3,,4900.0,50.0,12.0,,
948,684,3,,265300.0,5500.0,135.0,,
949,685,3,,2200000.0,43200.0,7000.0,,
950,686,3,,1500000.0,9000.0,,,
951,687,3,,5200.0,37.0,22.0,,
952,688,3,,518700.00000000006,5500.0,110.0,,
953,689,3,,177700.0,1200.0,22.0,,
954,690,3,,0.0,,,,
955,691,3,,24200.0,744.0,44.0,,
956,692,3,,656000.0,5900.0,183.0,,
957,693,3,,1700000.0,74400.0,2900.0,,
958,694,3,,232600.0,20000.0,61.0,,
959,695,3,,321300.0,10300.0,433.0,,
960,696,3,,4000000.0,230200.0,17100.0,,
961,697,3,,539500.0,,,,
962,698,3,,328200.0,1300.0,67.0,,
963,699,3,,308200.0,14100.0,689.0,,
964,700,3,,121500.0,2800.0,361.0,,
965,701,3,,1800000.0,170400.0,3100.0,,
966,702,3,,711200.0,45200.0,2200.0,,
967,703,3,,5600000.0,602700.0,94300.0,,
968,704,3,,0.0,,,,
969,705,3,,952000.0,19700.0,702.0,,
970,706,3,,401500.0,24200.0,909.0,,
971,707,3,,46500.0,2200.0,164.0,,
972,708,3,,87700.0,2500.0,192.0,,
973,709,3,,112100.0,,,,
974,710,3,,177700.0,15600.0,821.0,,
975,711,3,,2000000.0,100100.0,4800.0,,
976,712,3,,8400.0,116.0,,,
977,713,3,,1100000.0,126100.0,3700.0,,
978,714,3,,1500000.0,8100.0,,,
979,715,3,,4099999.9999999995,142200.0,4000.0,,
980,716,3,,2400000.0,57200.0,1700.0,,
981,717,3,,7600000.0,274700.0,23200.0,,
982,718,3,,1900000.0,89400.0,3000.0,,
983,719,3,,989200.0,29800.0,439.0,,
984,720,3,,579100.0,5300.0,83.0,,
985,721,3,,153900.0,10300.0,1100.0,,
986,722,3,,409600.0,16900.0,762.0,,
987,723,3,,92500.0,340.0,,,
988,724,3,,130100.0,1400.0,,,
989,725,3,,218600.0,1200.0,,,
990,726,3,,79600.0,,,,
991,727,3,,2500000.0,83900.0,2900.0,,
992,728,3,,161900.0,365.0,,,
993,729,3,,331200.0,26400.0,1400.0,,
994,730,3,,45600.0,3100.0,83.0,,
995,731,3,,42400.0,924.0,50.0,,
996,732,3,,1600000.0,75400.0,5400.0,,
997,733,3,,52100.0,2200.0,144.0,,
998,734,3,,863000.0,17600.0,418.0,,
999,735,3,,1500000.0,103200.0,1300.0,,
1000,736,3,,916900.0,84100.0,389.0,,
1001,737,3,,1900000.0,149400.0,4200.0,,
1002,738,3,,1400000.0,33400.0,1800.0,,
1003,739,3,,654400.0,76000.0,284.0,,
1004,740,3,,304100.0,29300.0,850.0,,
1005,741,3,,112700.0,6000.0,207.0,,
1006,742,3,,334100.0,29600.0,211.0,,
1007,743,3,,3800.0,53.0,5.0,,
1008,744,3,,183400.0,1100.0,,,
1009,745,3,,232900.0,6000.0,199.0,,
1010,746,3,,0.0,,,,
1011,747,3,,922600.0,78600.0,1400.0,,
1012,748,3,,7700.0,777.0,19.0,,
1013,749,3,,2200000.0,110300.0,5500.0,,
1014,750,3,,69000.0,318.0,,,
1015,751,3,,1500000.0,218100.0,7700.0,,
1016,752,3,,230300.0,2000.0,,,
1017,753,3,,69700.0,327.0,,,
1018,754,3,,423700.0,1600.0,,,
1019,755,3,,1000.0,18.0,,,
1020,756,3,,1200000.0,7200.0,109.0,,
1021,757,3,,1500000.0,50700.0,3200.0,,
1022,758,3,,1200000.0,42600.0,1800.0,,
1023,759,3,,38600.0,105.0,,,
1024,760,3,,55300.0,2100.0,59.0,,
1025,761,3,,387100.0,17800.0,424.0,,
1026,762,3,,78500.0,9700.0,445.0,,
1027,763,3,,31500.0,1800.0,133.0,,
1028,764,3,,284400.0,10200.0,381.0,,
1029,765,3,,504300.0,5500.0,,,
1030,766,3,,311200.0,1100.0,,,
1031,767,3,,190700.0,5200.0,128.0,,
1032,768,3,,169600.0,18200.0,69.0,,
1033,769,3,,1600.0,7.0,,,
1034,770,3,,826400.0,46200.0,1100.0,,
1035,771,3,,73100.0,,,,
1036,772,3,,155900.0,8200.0,759.0,,
1037,773,3,,2100000.0,68300.0,7100.0,,
1038,774,3,,2800000.0,290000.0,6400.0,,
1039,775,3,,5600000.0,273600.0,2400.0,,
1040,776,3,,2300000.0,69300.0,3600.0,,
1041,777,3,,231200.0,9200.0,113.0,,
1042,778,3,,197200.0,19200.0,629.0,,
1043,779,3,,27100.0,1100.0,12.0,,
1044,780,3,,21300.0,94.0,,,
1045,781,3,,53700.0,1100.0,46.0,,
1046,782,3,,2400000.0,111000.0,2200.0,,
1047,783,3,,39800.0,348.0,12.0,,
1048,784,3,,66900.0,325.0,,,
1049,785,3,,133300.0,7600.0,722.0,,
1050,786,3,,424800.0,17700.0,861.0,,
1051,787,3,,11600.0,158.0,15.0,,
1052,788,3,,292500.0,5200.0,246.0,,
1053,789,3,,0.0,,,,
1054,790,3,,8400.0,719.0,34.0,,
1055,791,3,,4500.0,71.0,2.0,,
1056,792,3,,398200.0,8200.0,202.0,,
1057,793,3,,227500.0,1400.0,,,
1058,794,3,,12600.0,423.0,5.0,,
1059,795,3,,3900000.0,336000.0,59000.0,,
1060,796,3,,6300.0,92.0,22.0,,
1061,797,3,,558900.0,9100.0,184.0,,
1062,798,3,,6200.0,663.0,11.0,,
1063,799,3,,16100.000000000002,374.0,,,
1064,800,3,,3900.0,25.0,,,
1065,801,3,,60100.0,1500.0,96.0,,
1066,802,3,,460500.0,19900.0,669.0,,
1067,803,3,,341000.0,79900.0,8800.0,,
1068,804,3,,545600.0,12100.0,113.0,,
1069,805,3,,26400.0,1400.0,42.0,,
1070,806,3,,903900.0,33900.0,1300.0,,
1071,807,3,,1400000.0,49300.0,2600.0,,
1072,808,3,,1900000.0,72200.0,4700.0,,
1073,809,3,,124500.0,2000.0,126.0,,
1074,810,3,,546600.0,3100.0,,,
1075,811,3,,213100.0,5500.0,684.0,,
1076,812,3,,527800.0,29400.0,1600.0,,
1077,813,3,,96900.0,3800.0,179.0,,
1078,814,3,,197500.0,,,,
1079,815,3,,759400.0,3300.0,,,
1080,816,3,,2700000.0,152900.0,10100.0,,
1081,817,3,,120900.0,7700.0,345.0,,
1082,818,3,,45300.0,1200.0,51.0,,
1083,819,3,,28800.0,1500.0,61.0,,
1084,820,3,,85000.0,1600.0,13.0,,
1085,821,3,,342500.0,2600.0,,,
1086,822,3,,946900.0,38800.0,6900.0,,
1087,823,3,,681400.0,62300.0,1600.0,,
1088,824,3,,36700.0,485.0,89.0,,
1089,825,3,,64800.0,2100.0,100.0,,
1090,826,3,,246100.0,5700.0,176.0,,
1091,827,3,,1000000.0,61500.0,4400.0,,
1092,828,3,,50200.0,4900.0,15.0,,
1093,829,3,,27900.0,484.0,19.0,,
1094,830,3,,772000.0,55800.0,1800.0,,
1095,831,3,,410700.0,4700.0,174.0,,
1096,832,3,,684700.0,82100.0,9700.0,,
1097,833,3,,450000.0,16200.0,352.0,,
1098,834,3,,44900.0,156.0,,,
1099,835,3,,577000.0,14100.0,762.0,,
1100,836,3,,10300.0,60.0,5.0,,
1101,837,3,,1200000.0,34200.0,1300.0,,
1102,838,3,,15400.0,,17.0,,
1103,839,3,,41200.0,234.0,6.0,,
1104,840,3,,1000000.0,6000.0,,,
1105,841,3,,497900.0,58500.0,261.0,,
1106,842,3,,19400.0,914.0,50.0,,
1107,843,3,,67900.0,1200.0,236.0,,
1108,844,3,,16800000.0,615500.0,89400.0,,
1109,845,3,,41200.0,420.0,25.0,,
1110,846,3,,5200000.0,101800.0,4400.0,,
1111,847,3,,160600.0,1000.0,,,
1112,848,3,,6700.0,343.0,23.0,,
1113,849,3,,159200.0,1900.0,52.0,,
1114,850,3,,19000.0,168.0,13.0,,
1115,851,3,,757500.0,40200.0,1600.0,,
1116,852,3,,557200.0,9300.0,,,
1117,853,3,,3600000.0,89600.0,3000.0,,
1118,854,3,,294000.0,1800.0,,,
1119,855,3,,281500.0,17500.0,502.0,,
1120,856,3,,2400000.0,13900.0,334.0,,
1121,857,3,,13400.0,,,,
1122,858,3,,26100.0,808.0,26.0,,
1123,859,3,,724300.0,4200.0,,,
1124,860,3,,7600000.0,308300.0,19400.0,,
1125,861,3,,4900000.0,137000.0,12500.0,,
1126,862,3,,25500000.0,750300.0,5200.0,,
1127,863,3,,2300.0,75.0,8.0,,
1128,864,3,,114500.0,2200.0,273.0,,
1129,865,3,,132100.0,13800.0,436.0,,
1130,866,3,,27100.0,211.0,,,
1131,867,3,,520000.0,24600.0,591.0,,
1132,868,3,,16300.0,127.0,3.0,,
1133,869,3,,3500000.0,233200.0,15900.0,,
1134,870,3,,92600.0,4200.0,,,
1135,871,3,,71200.0,1300.0,108.0,,
1136,872,3,,5400000.0,154000.0,4800.0,,
1137,873,3,,112600.0,5000.0,152.0,,
1138,874,3,,60000.0,767.0,,,
1139,875,3,,332200.0,10500.0,5500.0,,
1140,876,3,,151900.0,1100.0,22.0,,
1141,877,3,,138500.0,2200.0,41.0,,
1142,878,3,,1500000.0,47100.0,1500.0,,
1143,879,3,,105000.0,,382.0,,
1144,880,3,,76400.0,860.0,15.0,,
1145,881,3,,13500.0,134.0,13.0,,
1146,882,3,,8500.0,342.0,79.0,,
1147,883,3,,48300.0,394.0,8.0,,
1148,884,3,,22900.0,1100.0,27.0,,
1149,885,3,,687000.0,80700.0,4000.0,,
1150,886,3,,8500.0,114.0,7.0,,
1151,887,3,,1700000.0,44000.0,1500.0,,
1152,888,3,,19000.0,925.0,87.0,,
1153,889,3,,99000.0,13000.0,336.0,,
1154,890,3,,157700.0,4900.0,1300.0,,
1155,891,3,,510700.0,9700.0,483.0,,
1156,892,3,,61200.0,4600.0,233.0,,
1157,893,3,,338900.0,2500.0,,,
1158,894,3,,1800000.0,,,,
1159,895,3,,9900.0,749.0,21.0,,
1160,896,3,,38500.0,736.0,145.0,,
1161,897,3,,497400.0,10200.0,1100.0,,
1162,898,3,,82300.0,2100.0,164.0,,
1163,899,3,,2800000.0,109600.0,3100.0,,
1164,900,3,,179200.0,7800.0,299.0,,
1165,901,3,,505900.0,4900.0,,,
1166,902,3,,658900.0,74900.0,2900.0,,
1167,903,3,,28400.0,990.0,72.0,,
1168,904,3,,214500.0,22000.0,367.0,,
1169,905,3,,35000.0,204.0,,,
1170,906,3,,3000.0,132.0,4.0,,
1171,907,3,,10800.0,157.0,17.0,,
1172,908,3,,724300.0,36500.0,2700.0,,
1173,909,3,,247300.0,1700.0,20.0,,
1174,910,3,,21800.0,259.0,12.0,,
1175,911,3,,20300.0,993.0,76.0,,
1176,912,3,,1700000.0,75500.0,2100.0,,
1177,913,3,,117300.0,546.0,,,
1178,914,3,,7000000.0,160800.0,3600.0,,
1179,915,3,,12400000.0,78200.0,,,
1180,916,3,,339400.0,2200.0,,,
1181,917,3,,42500.0,194.0,14.0,,
1182,918,3,,6300.0,55.0,4.0,,
1183,919,3,,860500.0,88200.0,3600.0,,
1184,920,3,,196700.0,9600.0,186.0,,
1185,921,3,,11300.0,192.0,21.0,,
1186,922,3,,151600.0,3300.0,134.0,,
1187,923,3,,33100.0,2200.0,48.0,,
1188,924,3,,577900.0,208700.0,139800.0,,
1189,925,3,,817900.0,34400.0,1200.0,,
1190,926,3,,23800.0,386.0,13.0,,
1191,927,3,,30800.0,3000.0,51.0,,
1192,928,3,,111000.0,15300.0,538.0,,
1193,929,3,,289000.0,12800.0,200.0,,
1194,930,3,,58000.0,2600.0,170.0,,
1195,931,3,,3000.0,27.0,,,
1196,932,3,,2300000.0,89300.0,31100.0,,
1197,933,3,,211500.0,519.0,,,
1198,934,3,,33500.0,328.0,29.0,,
1199,935,3,,2500000.0,163600.0,4200.0,,
1200,936,3,,200900.0,3100.0,302.0,,
1201,937,3,,544300.0,20500.0,1300.0,,
1202,938,3,,485500.0,25200.0,531.0,,
1203,939,3,,1400000.0,78500.0,1700.0,,
1204,940,3,,268300.0,5400.0,190.0,,
1205,941,3,,456100.0,10300.0,178.0,,
1206,942,3,,976400.0,36400.0,1300.0,,
1207,943,3,,20400.0,1200.0,44.0,,
1208,944,3,,0.0,,,,
1209,945,3,,448900.0,28100.0,372.0,,
1210,946,3,,671700.0,66900.0,352.0,,
1211,947,3,,23300.0,1600.0,90.0,,
1212,948,3,,317900.0,23300.0,2900.0,,
1213,949,3,,132300.0,3600.0,126.0,,
1214,950,3,,3400.0,56.0,3.0,,
1215,951,3,,36500.0,176.0,,,
1216,952,3,,162700.0,8600.0,318.0,,
1217,953,3,,465500.0,19600.0,636.0,,
1218,954,3,,0.0,,,,
1219,955,3,,755500.0,69100.0,1200.0,,
1220,956,3,,24100.0,428.0,4.0,,
1221,957,3,,55600.0,3600.0,19.0,,
1222,958,3,,2800.0,45.0,6.0,,
1223,959,3,,320800.0,4100.0,87.0,,
1224,960,3,,7700.0,217.0,4.0,,
1225,961,3,,21300.0,2000.0,139.0,,
1226,962,3,,23000.0,2300.0,208.0,,
1227,963,3,,53800.0,,,,
1228,964,3,,225100.0,1000.0,,,
1229,965,3,,195000.0,11200.0,670.0,,
1230,966,3,,216700.0,7300.0,238.0,,
1231,967,3,,273100.0,3200.0,,,
1232,968,3,,1600000.0,34500.0,1000.0,,
1233,969,3,,115400.0,615.0,,,
1234,970,3,,560500.0,48500.0,1800.0,,
1235,971,3,,12200.0,47.0,,,
1236,972,3,,4400.0,118.0,12.0,,
1237,973,3,,86000.0,1000.0,47.0,,
1238,974,3,,95000.0,5200.0,332.0,,
1239,975,3,,116300.0,7000.0,194.0,,
1240,976,3,,220800.0,9200.0,301.0,,
1241,977,3,,4200000.0,14900.0,142.0,,
1242,978,3,,415300.0,2700.0,,,
1243,979,3,,38500.0,3900.0,370.0,,
1244,980,3,,1900000.0,175100.0,13000.0,,
1245,981,3,,207100.0,5100.0,1800.0,,
1246,982,3,,40800.0,1300.0,136.0,,
1247,983,3,,7600.0,306.0,33.0,,
1248,984,3,,2500000.0,55800.0,1600.0,,
1249,985,3,,44800.0,1200.0,,,
1250,986,3,,112300.0,3600.0,258.0,,
1251,987,3,,107300.0,1800.0,206.0,,
1252,988,3,,723400.0,24300.0,326.0,,
1253,989,3,,266600.0,3900.0,194.0,,
1254,990,3,,342700.0,4000.0,93.0,,
1255,991,3,,15600.0,308.0,10.0,,
1256,992,3,,194200.0,9100.0,461.0,,
1257,993,3,,47300.0,387.0,,,
1258,994,3,,21000.0,206.0,10.0,,
1259,995,3,,1400000.0,110100.0,2500.0,,
1260,996,3,,243800.0,30700.0,636.0,,
1261,997,3,,296000.0,10200.0,874.0,,
1262,998,3,,15200.0,854.0,58.0,,
1263,999,3,,112300.0,9800.0,246.0,,
